{
    "loss": 12.22597599029541,
    "accuracy": 0.5179855823516846
}