{
    "loss": 6.286168575286865,
    "accuracy": 0.5035971403121948
}